{"a": 7.06600928304582, "b": -0.22421081074106042, "c": 1.2721304985236566, "d": 1.2702725892464355, "e": -0.06096765406242781, "f": -1.998913664532871, "g": -0.5542286859149913, "h": -0.2525477896568834, "j": -71.20631170846558, "l": 56.29712720132687, "m": -137.06422676982706, "n": 123.06926063980622, "o": 1.5216137587382175, "p": -1.4868654230373437, "q": -0.8403930937275793, "r": -1.8793368230119172}